[
  //Html5的
  {
    "birthday": 0,
    "enterYear": 0,
    "gender": 0,
    "idsNo": "2017202080063",
    "nickName": "2017202080063",
    "sign": {
      "appKey": "7196614560",
      "check": "9d27850431d8c39891483b04ff8e21d4abd4dbec",
      "nonce": "P-JlEUE9",
      "timestamp": 1514341972109,
      "token": "174652e7d386559c734875e9a5054312b3dd13ff"
    }
  },
  //Android的m_sign
  {
    "birthday": 0,
    "enterYear": 0,
    "gender": 0,
    "idsNo": "2017202080063",
    "nickName": "2017202080063",
    "sign": {
      "appKey": "6318286230",
      "check": "857710483f0af38fc847d1f7a88e16245825da3d",
      "nonce": "g33Z6kgB",
      "timestamp": 1513848361199,
      "token": "174652e7d386559c734875e9a5054312b3dd13ff"
    }
  }
]